SNo,Date,Country,RegionCode,RegionName,ProvinceCode,ProvinceName,ProvinceAbbreviation,Latitude,Longitude,TotalPositiveCases
0,2020-02-24T18:00:00,ITA,13,Abruzzo,66,L'Aquila,AQ,42.35122196,13.39843823,0
1,2020-02-24T18:00:00,ITA,13,Abruzzo,67,Teramo,TE,42.6589177,13.70439971,0
2,2020-02-24T18:00:00,ITA,13,Abruzzo,68,Pescara,PE,42.46458398,14.21364822,0
3,2020-02-24T18:00:00,ITA,13,Abruzzo,69,Chieti,CH,42.35103167,14.16754574,0
4,2020-02-24T18:00:00,ITA,13,Abruzzo,979,In fase di definizione/aggiornamento,,,,0
5,2020-02-24T18:00:00,ITA,17,Basilicata,76,Potenza,PZ,40.63947052,15.80514834,0
6,2020-02-24T18:00:00,ITA,17,Basilicata,77,Matera,MT,40.66751177,16.59792442,0
7,2020-02-24T18:00:00,ITA,17,Basilicata,980,In fase di definizione/aggiornamento,,,,0
8,2020-02-24T18:00:00,ITA,18,Calabria,78,Cosenza,CS,39.29308681,16.25609692,0
9,2020-02-24T18:00:00,ITA,18,Calabria,79,Catanzaro,CZ,38.90597598,16.59440194,0
10,2020-02-24T18:00:00,ITA,18,Calabria,80,Reggio di Calabria,RC,38.10922769,15.6434527,0
11,2020-02-24T18:00:00,ITA,18,Calabria,101,Crotone,KR,39.08036878,17.12538864,0
12,2020-02-24T18:00:00,ITA,18,Calabria,102,Vibo Valentia,VV,38.67624147,16.10157414,0
13,2020-02-24T18:00:00,ITA,18,Calabria,982,In fase di definizione/aggiornamento,,,,0
14,2020-02-24T18:00:00,ITA,15,Campania,61,Caserta,CE,41.07465878,14.33240464,0
15,2020-02-24T18:00:00,ITA,15,Campania,62,Benevento,BN,41.12969987,14.78151683,0
16,2020-02-24T18:00:00,ITA,15,Campania,63,Napoli,,40.83956555,14.25084984,0
17,2020-02-24T18:00:00,ITA,15,Campania,64,Avellino,AV,40.91404699,14.79528803,0
18,2020-02-24T18:00:00,ITA,15,Campania,65,Salerno,SA,40.67821961,14.7594026,0
19,2020-02-24T18:00:00,ITA,15,Campania,983,In fase di definizione/aggiornamento,,,,0
20,2020-02-24T18:00:00,ITA,8,Emilia-Romagna,33,Piacenza,PC,45.05193462,9.692632596,0
21,2020-02-24T18:00:00,ITA,8,Emilia-Romagna,34,Parma,PR,44.80107394,10.32834985,0
22,2020-02-24T18:00:00,ITA,8,Emilia-Romagna,35,Reggio nell'Emilia,RE,44.69735289,10.63007973,0
23,2020-02-24T18:00:00,ITA,8,Emilia-Romagna,36,Modena,MO,44.64600009,10.92615487,0
24,2020-02-24T18:00:00,ITA,8,Emilia-Romagna,37,Bologna,BO,44.49436681,11.3417208,0
25,2020-02-24T18:00:00,ITA,8,Emilia-Romagna,38,Ferrara,FE,44.83599085,11.61868934,0
26,2020-02-24T18:00:00,ITA,8,Emilia-Romagna,39,Ravenna,RA,44.41722493,12.19913936,0
27,2020-02-24T18:00:00,ITA,8,Emilia-Romagna,40,Forl?-Cesena,FC,44.22268559,12.04068608,0
28,2020-02-24T18:00:00,ITA,8,Emilia-Romagna,99,Rimini,RN,44.06090087,12.5656295,0
29,2020-02-24T18:00:00,ITA,8,Emilia-Romagna,984,In fase di definizione/aggiornamento,,,,0
30,2020-02-24T18:00:00,ITA,6,Friuli Venezia Giulia,30,Udine,UD,46.06255516,13.2348383,0
31,2020-02-24T18:00:00,ITA,6,Friuli Venezia Giulia,31,Gorizia,GO,45.94149817,13.62212502,0
32,2020-02-24T18:00:00,ITA,6,Friuli Venezia Giulia,32,Trieste,TS,45.6494354,13.76813649,0
33,2020-02-24T18:00:00,ITA,6,Friuli Venezia Giulia,93,Pordenone,PN,45.95443546,12.66002909,0
34,2020-02-24T18:00:00,ITA,6,Friuli Venezia Giulia,985,In fase di definizione/aggiornamento,,,,0
35,2020-02-24T18:00:00,ITA,12,Lazio,56,Viterbo,VT,42.4173828,12.10473416,0
36,2020-02-24T18:00:00,ITA,12,Lazio,57,Rieti,RI,42.40488444,12.86205939,0
37,2020-02-24T18:00:00,ITA,12,Lazio,58,Roma,RM,41.89277044,12.48366722,0
38,2020-02-24T18:00:00,ITA,12,Lazio,59,Latina,LT,41.46759465,12.90368482,0
39,2020-02-24T18:00:00,ITA,12,Lazio,60,Frosinone,FR,41.63964569,13.35117161,0
40,2020-02-24T18:00:00,ITA,12,Lazio,986,In fase di definizione/aggiornamento,,,,0
41,2020-02-24T18:00:00,ITA,7,Liguria,8,Imperia,IM,43.88570648,8.027850298,0
42,2020-02-24T18:00:00,ITA,7,Liguria,9,Savona,SV,44.30750461,8.481108654,0
43,2020-02-24T18:00:00,ITA,7,Liguria,10,Genova,GE,44.41149314,8.9326992,0
44,2020-02-24T18:00:00,ITA,7,Liguria,11,La Spezia,SP,44.10704991,9.8281897,0
45,2020-02-24T18:00:00,ITA,7,Liguria,987,In fase di definizione/aggiornamento,,,,0
46,2020-02-24T18:00:00,ITA,3,Lombardia,12,Varese,VA,45.81701677,8.822868344,0
47,2020-02-24T18:00:00,ITA,3,Lombardia,13,Como,CO,45.8099912,9.085159546,0
48,2020-02-24T18:00:00,ITA,3,Lombardia,14,Sondrio,SO,46.17099261,9.87147489,0
49,2020-02-24T18:00:00,ITA,3,Lombardia,15,Milano,MI,45.46679409,9.190347404,0
50,2020-02-24T18:00:00,ITA,3,Lombardia,16,Bergamo,BG,45.69441368,9.668424528,0
51,2020-02-24T18:00:00,ITA,3,Lombardia,17,Brescia,BS,45.53993052,10.21910323,0
52,2020-02-24T18:00:00,ITA,3,Lombardia,18,Pavia,PV,45.18509264,9.160157191,0
53,2020-02-24T18:00:00,ITA,3,Lombardia,19,Cremona,CR,45.13336675,10.02420865,0
54,2020-02-24T18:00:00,ITA,3,Lombardia,20,Mantova,MN,45.15726772,10.79277363,0
55,2020-02-24T18:00:00,ITA,3,Lombardia,97,Lecco,LC,45.85575781,9.393392246,0
56,2020-02-24T18:00:00,ITA,3,Lombardia,98,Lodi,LO,45.31440693,9.503720769,0
57,2020-02-24T18:00:00,ITA,3,Lombardia,108,Monza e della Brianza,MB,45.58439043,9.273582472,0
58,2020-02-24T18:00:00,ITA,3,Lombardia,988,In fase di definizione/aggiornamento,,,,0
59,2020-02-24T18:00:00,ITA,11,Marche,41,Pesaro e Urbino,PU,43.91014021,12.91345989,0
60,2020-02-24T18:00:00,ITA,11,Marche,42,Ancona,AN,43.61675973,13.5188753,0
61,2020-02-24T18:00:00,ITA,11,Marche,43,Macerata,MC,43.30023926,13.45307182,0
62,2020-02-24T18:00:00,ITA,11,Marche,44,Ascoli Piceno,AP,42.85322304,13.57691127,0
63,2020-02-24T18:00:00,ITA,11,Marche,109,Fermo,FM,43.16058534,13.71839535,0
64,2020-02-24T18:00:00,ITA,11,Marche,989,In fase di definizione/aggiornamento,,,,0
65,2020-02-24T18:00:00,ITA,14,Molise,70,Campobasso,CB,41.55774754,14.65916051,0
66,2020-02-24T18:00:00,ITA,14,Molise,94,Isernia,IS,41.58800826,14.22575407,0
67,2020-02-24T18:00:00,ITA,14,Molise,990,In fase di definizione/aggiornamento,,,,0
68,2020-02-24T18:00:00,ITA,21,P.A. Bolzano,21,Bolzano,BZ,46.49933453,11.35662422,0
69,2020-02-24T18:00:00,ITA,21,P.A. Bolzano,981,In fase di definizione/aggiornamento,,,,0
70,2020-02-24T18:00:00,ITA,22,P.A. Trento,22,Trento,TN,46.06893511,11.12123097,0
71,2020-02-24T18:00:00,ITA,22,P.A. Trento,996,In fase di definizione/aggiornamento,,,,0
72,2020-02-24T18:00:00,ITA,1,Piemonte,1,Torino,TO,45.0732745,7.680687483,0
73,2020-02-24T18:00:00,ITA,1,Piemonte,2,Vercelli,VC,45.32398135,8.423234312,0
74,2020-02-24T18:00:00,ITA,1,Piemonte,3,Novara,NO,45.44588506,8.621915884,0
75,2020-02-24T18:00:00,ITA,1,Piemonte,4,Cuneo,CN,44.39329625,7.551171632,0
76,2020-02-24T18:00:00,ITA,1,Piemonte,5,Asti,AT,44.89912921,8.204142547,0
77,2020-02-24T18:00:00,ITA,1,Piemonte,6,Alessandria,AL,44.91297351,8.615401155,0
78,2020-02-24T18:00:00,ITA,1,Piemonte,96,Biella,BI,45.5665112,8.054082167,0
79,2020-02-24T18:00:00,ITA,1,Piemonte,103,Verbano-Cusio-Ossola,VB,45.9214455,8.551078753,0
80,2020-02-24T18:00:00,ITA,1,Piemonte,991,In fase di definizione/aggiornamento,,,,0
81,2020-02-24T18:00:00,ITA,16,Puglia,71,Foggia,FG,41.46226865,15.54305094,0
82,2020-02-24T18:00:00,ITA,16,Puglia,72,Bari,BA,41.12559576,16.86736689,0
83,2020-02-24T18:00:00,ITA,16,Puglia,73,Taranto,TA,40.47354739,17.23237181,0
84,2020-02-24T18:00:00,ITA,16,Puglia,74,Brindisi,BR,40.63848545,17.94601575,0
85,2020-02-24T18:00:00,ITA,16,Puglia,75,Lecce,LE,40.35354285,18.1718973,0
86,2020-02-24T18:00:00,ITA,16,Puglia,110,Barletta-Andria-Trani,BT,41.22705039,16.29520432,0
87,2020-02-24T18:00:00,ITA,16,Puglia,992,In fase di definizione/aggiornamento,,,,0
88,2020-02-24T18:00:00,ITA,20,Sardegna,90,Sassari,SS,40.72667657,8.559667131,0
89,2020-02-24T18:00:00,ITA,20,Sardegna,91,Nuoro,NU,40.32318834,9.330296393,0
90,2020-02-24T18:00:00,ITA,20,Sardegna,92,Cagliari,CA,39.21531192,9.110616306,0
91,2020-02-24T18:00:00,ITA,20,Sardegna,95,Oristano,OR,39.90381075,8.591183151,0
92,2020-02-24T18:00:00,ITA,20,Sardegna,111,Sud Sardegna,SU,39.16641462,8.526242676,0
93,2020-02-24T18:00:00,ITA,20,Sardegna,993,In fase di definizione/aggiornamento,,,,0
94,2020-02-24T18:00:00,ITA,19,Sicilia,81,Trapani,TP,38.01850065,12.51365684,0
95,2020-02-24T18:00:00,ITA,19,Sicilia,82,Palermo,PA,38.11569725,13.3623567,0
96,2020-02-24T18:00:00,ITA,19,Sicilia,83,Messina,ME,38.19395845,15.55572302,0
97,2020-02-24T18:00:00,ITA,19,Sicilia,84,Agrigento,AG,37.30971088,13.5845749,0
98,2020-02-24T18:00:00,ITA,19,Sicilia,85,Caltanissetta,CL,37.49213171,14.06184973,0
99,2020-02-24T18:00:00,ITA,19,Sicilia,86,Enna,EN,37.56705701,14.27909375,0
100,2020-02-24T18:00:00,ITA,19,Sicilia,87,Catania,CT,37.50287803,15.08704691,0
101,2020-02-24T18:00:00,ITA,19,Sicilia,88,Ragusa,RG,36.92509198,14.73069891,0
102,2020-02-24T18:00:00,ITA,19,Sicilia,89,Siracusa,SR,37.05991687,15.29333182,0
103,2020-02-24T18:00:00,ITA,19,Sicilia,994,In fase di definizione/aggiornamento,,,,0
104,2020-02-24T18:00:00,ITA,9,Toscana,45,Massa Carrara,MS,44.03674425,10.14173829,0
105,2020-02-24T18:00:00,ITA,9,Toscana,46,Lucca,LU,43.84432283,10.50151366,0
106,2020-02-24T18:00:00,ITA,9,Toscana,47,Pistoia,PT,43.933465,10.91734146,0
107,2020-02-24T18:00:00,ITA,9,Toscana,48,Firenze,FI,43.76923077,11.25588885,0
108,2020-02-24T18:00:00,ITA,9,Toscana,49,Livorno,LI,43.55234873,10.3086781,0
109,2020-02-24T18:00:00,ITA,9,Toscana,50,Pisa,PI,43.71553206,10.40127259,0
110,2020-02-24T18:00:00,ITA,9,Toscana,51,Arezzo,AR,43.46642752,11.88228844,0
111,2020-02-24T18:00:00,ITA,9,Toscana,52,Siena,SI,43.31816374,11.33190988,0
112,2020-02-24T18:00:00,ITA,9,Toscana,53,Grosseto,GR,42.76026758,11.11356398,0
113,2020-02-24T18:00:00,ITA,9,Toscana,100,Prato,PO,43.88062274,11.09703315,0
114,2020-02-24T18:00:00,ITA,9,Toscana,995,In fase di definizione/aggiornamento,,,,0
115,2020-02-24T18:00:00,ITA,10,Umbria,54,Perugia,PG,43.10675841,12.38824698,0
116,2020-02-24T18:00:00,ITA,10,Umbria,55,Terni,TR,42.56071258,12.6466875,0
117,2020-02-24T18:00:00,ITA,10,Umbria,997,In fase di definizione/aggiornamento,,,,0
118,2020-02-24T18:00:00,ITA,2,Valle d'Aosta,7,Aosta,AO,45.73750286,7.320149366,0
119,2020-02-24T18:00:00,ITA,2,Valle d'Aosta,998,In fase di definizione/aggiornamento,,,,0
120,2020-02-24T18:00:00,ITA,5,Veneto,23,Verona,VR,45.43839046,10.99352685,0
121,2020-02-24T18:00:00,ITA,5,Veneto,24,Vicenza,VI,45.547497,11.54597109,0
122,2020-02-24T18:00:00,ITA,5,Veneto,25,Belluno,BL,46.13837528,12.21704167,0
123,2020-02-24T18:00:00,ITA,5,Veneto,26,Treviso,TV,45.66754571,12.24507363,0
124,2020-02-24T18:00:00,ITA,5,Veneto,27,Venezia,VE,45.43490485,12.33845213,0
125,2020-02-24T18:00:00,ITA,5,Veneto,28,Padova,PD,45.40692987,11.87608718,0
126,2020-02-24T18:00:00,ITA,5,Veneto,29,Rovigo,RO,45.07107289,11.79007,0
127,2020-02-24T18:00:00,ITA,5,Veneto,999,In fase di definizione/aggiornamento,,,,0
128,2020-02-25T18:00:00,ITA,13,Abruzzo,66,L'Aquila,AQ,42.35122196,13.39843823,0
129,2020-02-25T18:00:00,ITA,13,Abruzzo,67,Teramo,TE,42.6589177,13.70439971,0
130,2020-02-25T18:00:00,ITA,13,Abruzzo,68,Pescara,PE,42.46458398,14.21364822,0
131,2020-02-25T18:00:00,ITA,13,Abruzzo,69,Chieti,CH,42.35103167,14.16754574,0
132,2020-02-25T18:00:00,ITA,13,Abruzzo,979,In fase di definizione/aggiornamento,,,,0
133,2020-02-25T18:00:00,ITA,17,Basilicata,76,Potenza,PZ,40.63947052,15.80514834,0
134,2020-02-25T18:00:00,ITA,17,Basilicata,77,Matera,MT,40.66751177,16.59792442,0
135,2020-02-25T18:00:00,ITA,17,Basilicata,980,In fase di definizione/aggiornamento,,,,0
136,2020-02-25T18:00:00,ITA,18,Calabria,78,Cosenza,CS,39.29308681,16.25609692,0
137,2020-02-25T18:00:00,ITA,18,Calabria,79,Catanzaro,CZ,38.90597598,16.59440194,0
138,2020-02-25T18:00:00,ITA,18,Calabria,80,Reggio di Calabria,RC,38.10922769,15.6434527,0
139,2020-02-25T18:00:00,ITA,18,Calabria,101,Crotone,KR,39.08036878,17.12538864,0
140,2020-02-25T18:00:00,ITA,18,Calabria,102,Vibo Valentia,VV,38.67624147,16.10157414,0
141,2020-02-25T18:00:00,ITA,18,Calabria,982,In fase di definizione/aggiornamento,,,,0
142,2020-02-25T18:00:00,ITA,15,Campania,61,Caserta,CE,41.07465878,14.33240464,0
143,2020-02-25T18:00:00,ITA,15,Campania,62,Benevento,BN,41.12969987,14.78151683,0
144,2020-02-25T18:00:00,ITA,15,Campania,63,Napoli,,40.83956555,14.25084984,0
145,2020-02-25T18:00:00,ITA,15,Campania,64,Avellino,AV,40.91404699,14.79528803,0
146,2020-02-25T18:00:00,ITA,15,Campania,65,Salerno,SA,40.67821961,14.7594026,0
147,2020-02-25T18:00:00,ITA,15,Campania,983,In fase di definizione/aggiornamento,,,,0
148,2020-02-25T18:00:00,ITA,8,Emilia-Romagna,33,Piacenza,PC,45.05193462,9.692632596,1
149,2020-02-25T18:00:00,ITA,8,Emilia-Romagna,34,Parma,PR,44.80107394,10.32834985,1
150,2020-02-25T18:00:00,ITA,8,Emilia-Romagna,35,Reggio nell'Emilia,RE,44.69735289,10.63007973,0
151,2020-02-25T18:00:00,ITA,8,Emilia-Romagna,36,Modena,MO,44.64600009,10.92615487,1
152,2020-02-25T18:00:00,ITA,8,Emilia-Romagna,37,Bologna,BO,44.49436681,11.3417208,0
153,2020-02-25T18:00:00,ITA,8,Emilia-Romagna,38,Ferrara,FE,44.83599085,11.61868934,0
154,2020-02-25T18:00:00,ITA,8,Emilia-Romagna,39,Ravenna,RA,44.41722493,12.19913936,0
155,2020-02-25T18:00:00,ITA,8,Emilia-Romagna,40,Forl?-Cesena,FC,44.22268559,12.04068608,0
156,2020-02-25T18:00:00,ITA,8,Emilia-Romagna,99,Rimini,RN,44.06090087,12.5656295,1
157,2020-02-25T18:00:00,ITA,8,Emilia-Romagna,984,In fase di definizione/aggiornamento,,,,0
158,2020-02-25T18:00:00,ITA,6,Friuli Venezia Giulia,30,Udine,UD,46.06255516,13.2348383,0
159,2020-02-25T18:00:00,ITA,6,Friuli Venezia Giulia,31,Gorizia,GO,45.94149817,13.62212502,0
160,2020-02-25T18:00:00,ITA,6,Friuli Venezia Giulia,32,Trieste,TS,45.6494354,13.76813649,0
161,2020-02-25T18:00:00,ITA,6,Friuli Venezia Giulia,93,Pordenone,PN,45.95443546,12.66002909,0
162,2020-02-25T18:00:00,ITA,6,Friuli Venezia Giulia,985,In fase di definizione/aggiornamento,,,,0
163,2020-02-25T18:00:00,ITA,12,Lazio,56,Viterbo,VT,42.4173828,12.10473416,0
164,2020-02-25T18:00:00,ITA,12,Lazio,57,Rieti,RI,42.40488444,12.86205939,0
165,2020-02-25T18:00:00,ITA,12,Lazio,58,Roma,RM,41.89277044,12.48366722,1
166,2020-02-25T18:00:00,ITA,12,Lazio,59,Latina,LT,41.46759465,12.90368482,0
167,2020-02-25T18:00:00,ITA,12,Lazio,60,Frosinone,FR,41.63964569,13.35117161,0
168,2020-02-25T18:00:00,ITA,12,Lazio,986,In fase di definizione/aggiornamento,,,,0
169,2020-02-25T18:00:00,ITA,7,Liguria,8,Imperia,IM,43.88570648,8.027850298,0
170,2020-02-25T18:00:00,ITA,7,Liguria,9,Savona,SV,44.30750461,8.481108654,1
171,2020-02-25T18:00:00,ITA,7,Liguria,10,Genova,GE,44.41149314,8.9326992,0
172,2020-02-25T18:00:00,ITA,7,Liguria,11,La Spezia,SP,44.10704991,9.8281897,0
173,2020-02-25T18:00:00,ITA,7,Liguria,987,In fase di definizione/aggiornamento,,,,0
174,2020-02-25T18:00:00,ITA,3,Lombardia,12,Varese,VA,45.81701677,8.822868344,0
175,2020-02-25T18:00:00,ITA,3,Lombardia,13,Como,CO,45.8099912,9.085159546,0
176,2020-02-25T18:00:00,ITA,3,Lombardia,14,Sondrio,SO,46.17099261,9.87147489,1
177,2020-02-25T18:00:00,ITA,3,Lombardia,15,Milano,MI,45.46679409,9.190347404,1
178,2020-02-25T18:00:00,ITA,3,Lombardia,16,Bergamo,BG,45.69441368,9.668424528,1
179,2020-02-25T18:00:00,ITA,3,Lombardia,17,Brescia,BS,45.53993052,10.21910323,0
180,2020-02-25T18:00:00,ITA,3,Lombardia,18,Pavia,PV,45.18509264,9.160157191,1
181,2020-02-25T18:00:00,ITA,3,Lombardia,19,Cremona,CR,45.13336675,10.02420865,1
182,2020-02-25T18:00:00,ITA,3,Lombardia,20,Mantova,MN,45.15726772,10.79277363,0
183,2020-02-25T18:00:00,ITA,3,Lombardia,97,Lecco,LC,45.85575781,9.393392246,0
184,2020-02-25T18:00:00,ITA,3,Lombardia,98,Lodi,LO,45.31440693,9.503720769,1
185,2020-02-25T18:00:00,ITA,3,Lombardia,108,Monza e della Brianza,MB,45.58439043,9.273582472,1
186,2020-02-25T18:00:00,ITA,3,Lombardia,988,In fase di definizione/aggiornamento,,,,1
187,2020-02-25T18:00:00,ITA,11,Marche,41,Pesaro e Urbino,PU,43.91014021,12.91345989,0
188,2020-02-25T18:00:00,ITA,11,Marche,42,Ancona,AN,43.61675973,13.5188753,0
189,2020-02-25T18:00:00,ITA,11,Marche,43,Macerata,MC,43.30023926,13.45307182,0
190,2020-02-25T18:00:00,ITA,11,Marche,44,Ascoli Piceno,AP,42.85322304,13.57691127,0
191,2020-02-25T18:00:00,ITA,11,Marche,109,Fermo,FM,43.16058534,13.71839535,0
192,2020-02-25T18:00:00,ITA,11,Marche,989,In fase di definizione/aggiornamento,,,,0
193,2020-02-25T18:00:00,ITA,14,Molise,70,Campobasso,CB,41.55774754,14.65916051,0
194,2020-02-25T18:00:00,ITA,14,Molise,94,Isernia,IS,41.58800826,14.22575407,0
195,2020-02-25T18:00:00,ITA,14,Molise,990,In fase di definizione/aggiornamento,,,,0
196,2020-02-25T18:00:00,ITA,21,P.A. Bolzano,21,Bolzano,BZ,46.49933453,11.35662422,1
197,2020-02-25T18:00:00,ITA,21,P.A. Bolzano,981,In fase di definizione/aggiornamento,,,,0
198,2020-02-25T18:00:00,ITA,22,P.A. Trento,22,Trento,TN,46.06893511,11.12123097,0
199,2020-02-25T18:00:00,ITA,22,P.A. Trento,996,In fase di definizione/aggiornamento,,,,0
200,2020-02-25T18:00:00,ITA,1,Piemonte,1,Torino,TO,45.0732745,7.680687483,1
201,2020-02-25T18:00:00,ITA,1,Piemonte,2,Vercelli,VC,45.32398135,8.423234312,0
202,2020-02-25T18:00:00,ITA,1,Piemonte,3,Novara,NO,45.44588506,8.621915884,0
203,2020-02-25T18:00:00,ITA,1,Piemonte,4,Cuneo,CN,44.39329625,7.551171632,0
204,2020-02-25T18:00:00,ITA,1,Piemonte,5,Asti,AT,44.89912921,8.204142547,0
205,2020-02-25T18:00:00,ITA,1,Piemonte,6,Alessandria,AL,44.91297351,8.615401155,0
206,2020-02-25T18:00:00,ITA,1,Piemonte,96,Biella,BI,45.5665112,8.054082167,0
207,2020-02-25T18:00:00,ITA,1,Piemonte,103,Verbano-Cusio-Ossola,VB,45.9214455,8.551078753,0
208,2020-02-25T18:00:00,ITA,1,Piemonte,991,In fase di definizione/aggiornamento,,,,0
209,2020-02-25T18:00:00,ITA,16,Puglia,71,Foggia,FG,41.46226865,15.54305094,0
210,2020-02-25T18:00:00,ITA,16,Puglia,72,Bari,BA,41.12559576,16.86736689,0
211,2020-02-25T18:00:00,ITA,16,Puglia,73,Taranto,TA,40.47354739,17.23237181,0
212,2020-02-25T18:00:00,ITA,16,Puglia,74,Brindisi,BR,40.63848545,17.94601575,0
213,2020-02-25T18:00:00,ITA,16,Puglia,75,Lecce,LE,40.35354285,18.1718973,0
214,2020-02-25T18:00:00,ITA,16,Puglia,110,Barletta-Andria-Trani,BT,41.22705039,16.29520432,0
215,2020-02-25T18:00:00,ITA,16,Puglia,992,In fase di definizione/aggiornamento,,,,0
216,2020-02-25T18:00:00,ITA,20,Sardegna,90,Sassari,SS,40.72667657,8.559667131,0
217,2020-02-25T18:00:00,ITA,20,Sardegna,91,Nuoro,NU,40.32318834,9.330296393,0
218,2020-02-25T18:00:00,ITA,20,Sardegna,92,Cagliari,CA,39.21531192,9.110616306,0
219,2020-02-25T18:00:00,ITA,20,Sardegna,95,Oristano,OR,39.90381075,8.591183151,0
220,2020-02-25T18:00:00,ITA,20,Sardegna,111,Sud Sardegna,SU,39.16641462,8.526242676,0
221,2020-02-25T18:00:00,ITA,20,Sardegna,993,In fase di definizione/aggiornamento,,,,0
222,2020-02-25T18:00:00,ITA,19,Sicilia,81,Trapani,TP,38.01850065,12.51365684,0
223,2020-02-25T18:00:00,ITA,19,Sicilia,82,Palermo,PA,38.11569725,13.3623567,1
224,2020-02-25T18:00:00,ITA,19,Sicilia,83,Messina,ME,38.19395845,15.55572302,0
225,2020-02-25T18:00:00,ITA,19,Sicilia,84,Agrigento,AG,37.30971088,13.5845749,0
226,2020-02-25T18:00:00,ITA,19,Sicilia,85,Caltanissetta,CL,37.49213171,14.06184973,0
227,2020-02-25T18:00:00,ITA,19,Sicilia,86,Enna,EN,37.56705701,14.27909375,0
228,2020-02-25T18:00:00,ITA,19,Sicilia,87,Catania,CT,37.50287803,15.08704691,0
229,2020-02-25T18:00:00,ITA,19,Sicilia,88,Ragusa,RG,36.92509198,14.73069891,0
230,2020-02-25T18:00:00,ITA,19,Sicilia,89,Siracusa,SR,37.05991687,15.29333182,0
231,2020-02-25T18:00:00,ITA,19,Sicilia,994,In fase di definizione/aggiornamento,,,,0
232,2020-02-25T18:00:00,ITA,9,Toscana,45,Massa Carrara,MS,44.03674425,10.14173829,0
233,2020-02-25T18:00:00,ITA,9,Toscana,46,Lucca,LU,43.84432283,10.50151366,0
234,2020-02-25T18:00:00,ITA,9,Toscana,47,Pistoia,PT,43.933465,10.91734146,1
235,2020-02-25T18:00:00,ITA,9,Toscana,48,Firenze,FI,43.76923077,11.25588885,1
236,2020-02-25T18:00:00,ITA,9,Toscana,49,Livorno,LI,43.55234873,10.3086781,0
237,2020-02-25T18:00:00,ITA,9,Toscana,50,Pisa,PI,43.71553206,10.40127259,0
238,2020-02-25T18:00:00,ITA,9,Toscana,51,Arezzo,AR,43.46642752,11.88228844,0
239,2020-02-25T18:00:00,ITA,9,Toscana,52,Siena,SI,43.31816374,11.33190988,0
240,2020-02-25T18:00:00,ITA,9,Toscana,53,Grosseto,GR,42.76026758,11.11356398,0
241,2020-02-25T18:00:00,ITA,9,Toscana,100,Prato,PO,43.88062274,11.09703315,0
242,2020-02-25T18:00:00,ITA,9,Toscana,995,In fase di definizione/aggiornamento,,,,0
243,2020-02-25T18:00:00,ITA,10,Umbria,54,Perugia,PG,43.10675841,12.38824698,0
244,2020-02-25T18:00:00,ITA,10,Umbria,55,Terni,TR,42.56071258,12.6466875,0
245,2020-02-25T18:00:00,ITA,10,Umbria,997,In fase di definizione/aggiornamento,,,,0
246,2020-02-25T18:00:00,ITA,2,Valle d'Aosta,7,Aosta,AO,45.73750286,7.320149366,0
247,2020-02-25T18:00:00,ITA,2,Valle d'Aosta,998,In fase di definizione/aggiornamento,,,,0
248,2020-02-25T18:00:00,ITA,5,Veneto,23,Verona,VR,45.43839046,10.99352685,0
249,2020-02-25T18:00:00,ITA,5,Veneto,24,Vicenza,VI,45.547497,11.54597109,0
250,2020-02-25T18:00:00,ITA,5,Veneto,25,Belluno,BL,46.13837528,12.21704167,0
251,2020-02-25T18:00:00,ITA,5,Veneto,26,Treviso,TV,45.66754571,12.24507363,1
252,2020-02-25T18:00:00,ITA,5,Veneto,27,Venezia,VE,45.43490485,12.33845213,1
253,2020-02-25T18:00:00,ITA,5,Veneto,28,Padova,PD,45.40692987,11.87608718,1
254,2020-02-25T18:00:00,ITA,5,Veneto,29,Rovigo,RO,45.07107289,11.79007,0
255,2020-02-25T18:00:00,ITA,5,Veneto,999,In fase di definizione/aggiornamento,,,,1
256,2020-02-26T18:00:00,ITA,13,Abruzzo,66,L'Aquila,AQ,42.35122196,13.39843823,1
257,2020-02-26T18:00:00,ITA,13,Abruzzo,67,Teramo,TE,42.6589177,13.70439971,0
258,2020-02-26T18:00:00,ITA,13,Abruzzo,68,Pescara,PE,42.46458398,14.21364822,0
259,2020-02-26T18:00:00,ITA,13,Abruzzo,69,Chieti,CH,42.35103167,14.16754574,0
260,2020-02-26T18:00:00,ITA,13,Abruzzo,979,In fase di definizione/aggiornamento,,,,0
261,2020-02-26T18:00:00,ITA,17,Basilicata,76,Potenza,PZ,40.63947052,15.80514834,0
262,2020-02-26T18:00:00,ITA,17,Basilicata,77,Matera,MT,40.66751177,16.59792442,0
263,2020-02-26T18:00:00,ITA,17,Basilicata,980,In fase di definizione/aggiornamento,,,,0
264,2020-02-26T18:00:00,ITA,18,Calabria,78,Cosenza,CS,39.29308681,16.25609692,0
265,2020-02-26T18:00:00,ITA,18,Calabria,79,Catanzaro,CZ,38.90597598,16.59440194,0
266,2020-02-26T18:00:00,ITA,18,Calabria,80,Reggio di Calabria,RC,38.10922769,15.6434527,0
267,2020-02-26T18:00:00,ITA,18,Calabria,101,Crotone,KR,39.08036878,17.12538864,0
268,2020-02-26T18:00:00,ITA,18,Calabria,102,Vibo Valentia,VV,38.67624147,16.10157414,0
269,2020-02-26T18:00:00,ITA,18,Calabria,982,In fase di definizione/aggiornamento,,,,0
270,2020-02-26T18:00:00,ITA,15,Campania,61,Caserta,CE,41.07465878,14.33240464,0
271,2020-02-26T18:00:00,ITA,15,Campania,62,Benevento,BN,41.12969987,14.78151683,0
272,2020-02-26T18:00:00,ITA,15,Campania,63,Napoli,,40.83956555,14.25084984,0
273,2020-02-26T18:00:00,ITA,15,Campania,64,Avellino,AV,40.91404699,14.79528803,0
274,2020-02-26T18:00:00,ITA,15,Campania,65,Salerno,SA,40.67821961,14.7594026,0
275,2020-02-26T18:00:00,ITA,15,Campania,983,In fase di definizione/aggiornamento,,,,0
276,2020-02-26T18:00:00,ITA,8,Emilia-Romagna,33,Piacenza,PC,45.05193462,9.692632596,1
277,2020-02-26T18:00:00,ITA,8,Emilia-Romagna,34,Parma,PR,44.80107394,10.32834985,1
278,2020-02-26T18:00:00,ITA,8,Emilia-Romagna,35,Reggio nell'Emilia,RE,44.69735289,10.63007973,0
279,2020-02-26T18:00:00,ITA,8,Emilia-Romagna,36,Modena,MO,44.64600009,10.92615487,1
280,2020-02-26T18:00:00,ITA,8,Emilia-Romagna,37,Bologna,BO,44.49436681,11.3417208,0
281,2020-02-26T18:00:00,ITA,8,Emilia-Romagna,38,Ferrara,FE,44.83599085,11.61868934,0
282,2020-02-26T18:00:00,ITA,8,Emilia-Romagna,39,Ravenna,RA,44.41722493,12.19913936,0
283,2020-02-26T18:00:00,ITA,8,Emilia-Romagna,40,Forl?-Cesena,FC,44.22268559,12.04068608,0
284,2020-02-26T18:00:00,ITA,8,Emilia-Romagna,99,Rimini,RN,44.06090087,12.5656295,1
285,2020-02-26T18:00:00,ITA,8,Emilia-Romagna,984,In fase di definizione/aggiornamento,,,,0
286,2020-02-26T18:00:00,ITA,6,Friuli Venezia Giulia,30,Udine,UD,46.06255516,13.2348383,0
287,2020-02-26T18:00:00,ITA,6,Friuli Venezia Giulia,31,Gorizia,GO,45.94149817,13.62212502,0
288,2020-02-26T18:00:00,ITA,6,Friuli Venezia Giulia,32,Trieste,TS,45.6494354,13.76813649,0
289,2020-02-26T18:00:00,ITA,6,Friuli Venezia Giulia,93,Pordenone,PN,45.95443546,12.66002909,0
290,2020-02-26T18:00:00,ITA,6,Friuli Venezia Giulia,985,In fase di definizione/aggiornamento,,,,0
291,2020-02-26T18:00:00,ITA,12,Lazio,56,Viterbo,VT,42.4173828,12.10473416,0
292,2020-02-26T18:00:00,ITA,12,Lazio,57,Rieti,RI,42.40488444,12.86205939,0
293,2020-02-26T18:00:00,ITA,12,Lazio,58,Roma,RM,41.89277044,12.48366722,1
294,2020-02-26T18:00:00,ITA,12,Lazio,59,Latina,LT,41.46759465,12.90368482,1
295,2020-02-26T18:00:00,ITA,12,Lazio,60,Frosinone,FR,41.63964569,13.35117161,0
296,2020-02-26T18:00:00,ITA,12,Lazio,986,In fase di definizione/aggiornamento,,,,0
297,2020-02-26T18:00:00,ITA,7,Liguria,8,Imperia,IM,43.88570648,8.027850298,0
298,2020-02-26T18:00:00,ITA,7,Liguria,9,Savona,SV,44.30750461,8.481108654,1
299,2020-02-26T18:00:00,ITA,7,Liguria,10,Genova,GE,44.41149314,8.9326992,0
300,2020-02-26T18:00:00,ITA,7,Liguria,11,La Spezia,SP,44.10704991,9.8281897,1
301,2020-02-26T18:00:00,ITA,7,Liguria,987,In fase di definizione/aggiornamento,,,,0
302,2020-02-26T18:00:00,ITA,3,Lombardia,12,Varese,VA,45.81701677,8.822868344,0
303,2020-02-26T18:00:00,ITA,3,Lombardia,13,Como,CO,45.8099912,9.085159546,0
304,2020-02-26T18:00:00,ITA,3,Lombardia,14,Sondrio,SO,46.17099261,9.87147489,1
305,2020-02-26T18:00:00,ITA,3,Lombardia,15,Milano,MI,45.46679409,9.190347404,1
306,2020-02-26T18:00:00,ITA,3,Lombardia,16,Bergamo,BG,45.69441368,9.668424528,1
307,2020-02-26T18:00:00,ITA,3,Lombardia,17,Brescia,BS,45.53993052,10.21910323,1
308,2020-02-26T18:00:00,ITA,3,Lombardia,18,Pavia,PV,45.18509264,9.160157191,1
309,2020-02-26T18:00:00,ITA,3,Lombardia,19,Cremona,CR,45.13336675,10.02420865,1
310,2020-02-26T18:00:00,ITA,3,Lombardia,20,Mantova,MN,45.15726772,10.79277363,0
311,2020-02-26T18:00:00,ITA,3,Lombardia,97,Lecco,LC,45.85575781,9.393392246,0
312,2020-02-26T18:00:00,ITA,3,Lombardia,98,Lodi,LO,45.31440693,9.503720769,1
313,2020-02-26T18:00:00,ITA,3,Lombardia,108,Monza e della Brianza,MB,45.58439043,9.273582472,1
314,2020-02-26T18:00:00,ITA,3,Lombardia,988,In fase di definizione/aggiornamento,,,,1
315,2020-02-26T18:00:00,ITA,11,Marche,41,Pesaro e Urbino,PU,43.91014021,12.91345989,1
316,2020-02-26T18:00:00,ITA,11,Marche,42,Ancona,AN,43.61675973,13.5188753,0
317,2020-02-26T18:00:00,ITA,11,Marche,43,Macerata,MC,43.30023926,13.45307182,0
318,2020-02-26T18:00:00,ITA,11,Marche,44,Ascoli Piceno,AP,42.85322304,13.57691127,0
319,2020-02-26T18:00:00,ITA,11,Marche,109,Fermo,FM,43.16058534,13.71839535,0
320,2020-02-26T18:00:00,ITA,11,Marche,989,In fase di definizione/aggiornamento,,,,0
321,2020-02-26T18:00:00,ITA,14,Molise,70,Campobasso,CB,41.55774754,14.65916051,0
322,2020-02-26T18:00:00,ITA,14,Molise,94,Isernia,IS,41.58800826,14.22575407,0
323,2020-02-26T18:00:00,ITA,14,Molise,990,In fase di definizione/aggiornamento,,,,0
324,2020-02-26T18:00:00,ITA,21,P.A. Bolzano,21,Bolzano,BZ,46.49933453,11.35662422,1
325,2020-02-26T18:00:00,ITA,21,P.A. Bolzano,981,In fase di definizione/aggiornamento,,,,0
326,2020-02-26T18:00:00,ITA,22,P.A. Trento,22,Trento,TN,46.06893511,11.12123097,0
327,2020-02-26T18:00:00,ITA,22,P.A. Trento,996,In fase di definizione/aggiornamento,,,,0
328,2020-02-26T18:00:00,ITA,1,Piemonte,1,Torino,TO,45.0732745,7.680687483,1
329,2020-02-26T18:00:00,ITA,1,Piemonte,2,Vercelli,VC,45.32398135,8.423234312,0
330,2020-02-26T18:00:00,ITA,1,Piemonte,3,Novara,NO,45.44588506,8.621915884,0
331,2020-02-26T18:00:00,ITA,1,Piemonte,4,Cuneo,CN,44.39329625,7.551171632,0
332,2020-02-26T18:00:00,ITA,1,Piemonte,5,Asti,AT,44.89912921,8.204142547,0
333,2020-02-26T18:00:00,ITA,1,Piemonte,6,Alessandria,AL,44.91297351,8.615401155,0
334,2020-02-26T18:00:00,ITA,1,Piemonte,96,Biella,BI,45.5665112,8.054082167,0
335,2020-02-26T18:00:00,ITA,1,Piemonte,103,Verbano-Cusio-Ossola,VB,45.9214455,8.551078753,0
336,2020-02-26T18:00:00,ITA,1,Piemonte,991,In fase di definizione/aggiornamento,,,,0
337,2020-02-26T18:00:00,ITA,16,Puglia,71,Foggia,FG,41.46226865,15.54305094,0
338,2020-02-26T18:00:00,ITA,16,Puglia,72,Bari,BA,41.12559576,16.86736689,0
339,2020-02-26T18:00:00,ITA,16,Puglia,73,Taranto,TA,40.47354739,17.23237181,0
340,2020-02-26T18:00:00,ITA,16,Puglia,74,Brindisi,BR,40.63848545,17.94601575,0
341,2020-02-26T18:00:00,ITA,16,Puglia,75,Lecce,LE,40.35354285,18.1718973,0
342,2020-02-26T18:00:00,ITA,16,Puglia,110,Barletta-Andria-Trani,BT,41.22705039,16.29520432,0
343,2020-02-26T18:00:00,ITA,16,Puglia,992,In fase di definizione/aggiornamento,,,,0
344,2020-02-26T18:00:00,ITA,20,Sardegna,90,Sassari,SS,40.72667657,8.559667131,0
345,2020-02-26T18:00:00,ITA,20,Sardegna,91,Nuoro,NU,40.32318834,9.330296393,0
346,2020-02-26T18:00:00,ITA,20,Sardegna,92,Cagliari,CA,39.21531192,9.110616306,0
347,2020-02-26T18:00:00,ITA,20,Sardegna,95,Oristano,OR,39.90381075,8.591183151,0
348,2020-02-26T18:00:00,ITA,20,Sardegna,111,Sud Sardegna,SU,39.16641462,8.526242676,0
349,2020-02-26T18:00:00,ITA,20,Sardegna,993,In fase di definizione/aggiornamento,,,,0
350,2020-02-26T18:00:00,ITA,19,Sicilia,81,Trapani,TP,38.01850065,12.51365684,0
351,2020-02-26T18:00:00,ITA,19,Sicilia,82,Palermo,PA,38.11569725,13.3623567,1
352,2020-02-26T18:00:00,ITA,19,Sicilia,83,Messina,ME,38.19395845,15.55572302,0
353,2020-02-26T18:00:00,ITA,19,Sicilia,84,Agrigento,AG,37.30971088,13.5845749,0
354,2020-02-26T18:00:00,ITA,19,Sicilia,85,Caltanissetta,CL,37.49213171,14.06184973,0
355,2020-02-26T18:00:00,ITA,19,Sicilia,86,Enna,EN,37.56705701,14.27909375,0
356,2020-02-26T18:00:00,ITA,19,Sicilia,87,Catania,CT,37.50287803,15.08704691,0
357,2020-02-26T18:00:00,ITA,19,Sicilia,88,Ragusa,RG,36.92509198,14.73069891,0
358,2020-02-26T18:00:00,ITA,19,Sicilia,89,Siracusa,SR,37.05991687,15.29333182,0
359,2020-02-26T18:00:00,ITA,19,Sicilia,994,In fase di definizione/aggiornamento,,,,0
360,2020-02-26T18:00:00,ITA,9,Toscana,45,Massa Carrara,MS,44.03674425,10.14173829,0
361,2020-02-26T18:00:00,ITA,9,Toscana,46,Lucca,LU,43.84432283,10.50151366,0
362,2020-02-26T18:00:00,ITA,9,Toscana,47,Pistoia,PT,43.933465,10.91734146,0
363,2020-02-26T18:00:00,ITA,9,Toscana,48,Firenze,FI,43.76923077,11.25588885,1
364,2020-02-26T18:00:00,ITA,9,Toscana,49,Livorno,LI,43.55234873,10.3086781,0
365,2020-02-26T18:00:00,ITA,9,Toscana,50,Pisa,PI,43.71553206,10.40127259,0
366,2020-02-26T18:00:00,ITA,9,Toscana,51,Arezzo,AR,43.46642752,11.88228844,0
367,2020-02-26T18:00:00,ITA,9,Toscana,52,Siena,SI,43.31816374,11.33190988,0
368,2020-02-26T18:00:00,ITA,9,Toscana,53,Grosseto,GR,42.76026758,11.11356398,0
369,2020-02-26T18:00:00,ITA,9,Toscana,100,Prato,PO,43.88062274,11.09703315,0
370,2020-02-26T18:00:00,ITA,9,Toscana,995,In fase di definizione/aggiornamento,,,,0
371,2020-02-26T18:00:00,ITA,10,Umbria,54,Perugia,PG,43.10675841,12.38824698,0
372,2020-02-26T18:00:00,ITA,10,Umbria,55,Terni,TR,42.56071258,12.6466875,0
373,2020-02-26T18:00:00,ITA,10,Umbria,997,In fase di definizione/aggiornamento,,,,0
374,2020-02-26T18:00:00,ITA,2,Valle d'Aosta,7,Aosta,AO,45.73750286,7.320149366,0
375,2020-02-26T18:00:00,ITA,2,Valle d'Aosta,998,In fase di definizione/aggiornamento,,,,0
376,2020-02-26T18:00:00,ITA,5,Veneto,23,Verona,VR,45.43839046,10.99352685,0
377,2020-02-26T18:00:00,ITA,5,Veneto,24,Vicenza,VI,45.547497,11.54597109,0
378,2020-02-26T18:00:00,ITA,5,Veneto,25,Belluno,BL,46.13837528,12.21704167,0
379,2020-02-26T18:00:00,ITA,5,Veneto,26,Treviso,TV,45.66754571,12.24507363,1
380,2020-02-26T18:00:00,ITA,5,Veneto,27,Venezia,VE,45.43490485,12.33845213,1
381,2020-02-26T18:00:00,ITA,5,Veneto,28,Padova,PD,45.40692987,11.87608718,1
382,2020-02-26T18:00:00,ITA,5,Veneto,29,Rovigo,RO,45.07107289,11.79007,0
383,2020-02-26T18:00:00,ITA,5,Veneto,999,In fase di definizione/aggiornamento,,,,1
384,2020-02-27T18:00:00,ITA,13,Abruzzo,66,L'Aquila,AQ,42.35122196,13.39843823,0
385,2020-02-27T18:00:00,ITA,13,Abruzzo,67,Teramo,TE,42.6589177,13.70439971,1
386,2020-02-27T18:00:00,ITA,13,Abruzzo,68,Pescara,PE,42.46458398,14.21364822,0
387,2020-02-27T18:00:00,ITA,13,Abruzzo,69,Chieti,CH,42.35103167,14.16754574,0
388,2020-02-27T18:00:00,ITA,13,Abruzzo,979,In fase di definizione/aggiornamento,,,,0
389,2020-02-27T18:00:00,ITA,17,Basilicata,76,Potenza,PZ,40.63947052,15.80514834,0
390,2020-02-27T18:00:00,ITA,17,Basilicata,77,Matera,MT,40.66751177,16.59792442,0
391,2020-02-27T18:00:00,ITA,17,Basilicata,980,In fase di definizione/aggiornamento,,,,0
392,2020-02-27T18:00:00,ITA,18,Calabria,78,Cosenza,CS,39.29308681,16.25609692,0
393,2020-02-27T18:00:00,ITA,18,Calabria,79,Catanzaro,CZ,38.90597598,16.59440194,0
394,2020-02-27T18:00:00,ITA,18,Calabria,80,Reggio di Calabria,RC,38.10922769,15.6434527,0
395,2020-02-27T18:00:00,ITA,18,Calabria,101,Crotone,KR,39.08036878,17.12538864,0
396,2020-02-27T18:00:00,ITA,18,Calabria,102,Vibo Valentia,VV,38.67624147,16.10157414,0
397,2020-02-27T18:00:00,ITA,18,Calabria,982,In fase di definizione/aggiornamento,,,,0
398,2020-02-27T18:00:00,ITA,15,Campania,61,Caserta,CE,41.07465878,14.33240464,0
399,2020-02-27T18:00:00,ITA,15,Campania,62,Benevento,BN,41.12969987,14.78151683,0
400,2020-02-27T18:00:00,ITA,15,Campania,63,Napoli,,40.83956555,14.25084984,1
401,2020-02-27T18:00:00,ITA,15,Campania,64,Avellino,AV,40.91404699,14.79528803,0
402,2020-02-27T18:00:00,ITA,15,Campania,65,Salerno,SA,40.67821961,14.7594026,0
403,2020-02-27T18:00:00,ITA,15,Campania,983,In fase di definizione/aggiornamento,,,,0
404,2020-02-27T18:00:00,ITA,8,Emilia-Romagna,33,Piacenza,PC,45.05193462,9.692632596,1
405,2020-02-27T18:00:00,ITA,8,Emilia-Romagna,34,Parma,PR,44.80107394,10.32834985,1
406,2020-02-27T18:00:00,ITA,8,Emilia-Romagna,35,Reggio nell'Emilia,RE,44.69735289,10.63007973,0
407,2020-02-27T18:00:00,ITA,8,Emilia-Romagna,36,Modena,MO,44.64600009,10.92615487,1
408,2020-02-27T18:00:00,ITA,8,Emilia-Romagna,37,Bologna,BO,44.49436681,11.3417208,0
409,2020-02-27T18:00:00,ITA,8,Emilia-Romagna,38,Ferrara,FE,44.83599085,11.61868934,0
410,2020-02-27T18:00:00,ITA,8,Emilia-Romagna,39,Ravenna,RA,44.41722493,12.19913936,0
411,2020-02-27T18:00:00,ITA,8,Emilia-Romagna,40,Forl?-Cesena,FC,44.22268559,12.04068608,0
412,2020-02-27T18:00:00,ITA,8,Emilia-Romagna,99,Rimini,RN,44.06090087,12.5656295,1
413,2020-02-27T18:00:00,ITA,8,Emilia-Romagna,984,In fase di definizione/aggiornamento,,,,0
414,2020-02-27T18:00:00,ITA,6,Friuli Venezia Giulia,30,Udine,UD,46.06255516,13.2348383,0
415,2020-02-27T18:00:00,ITA,6,Friuli Venezia Giulia,31,Gorizia,GO,45.94149817,13.62212502,0
416,2020-02-27T18:00:00,ITA,6,Friuli Venezia Giulia,32,Trieste,TS,45.6494354,13.76813649,0
417,2020-02-27T18:00:00,ITA,6,Friuli Venezia Giulia,93,Pordenone,PN,45.95443546,12.66002909,0
418,2020-02-27T18:00:00,ITA,6,Friuli Venezia Giulia,985,In fase di definizione/aggiornamento,,,,0
419,2020-02-27T18:00:00,ITA,12,Lazio,56,Viterbo,VT,42.4173828,12.10473416,0
420,2020-02-27T18:00:00,ITA,12,Lazio,57,Rieti,RI,42.40488444,12.86205939,0
421,2020-02-27T18:00:00,ITA,12,Lazio,58,Roma,RM,41.89277044,12.48366722,1
422,2020-02-27T18:00:00,ITA,12,Lazio,59,Latina,LT,41.46759465,12.90368482,0
423,2020-02-27T18:00:00,ITA,12,Lazio,60,Frosinone,FR,41.63964569,13.35117161,0
424,2020-02-27T18:00:00,ITA,12,Lazio,986,In fase di definizione/aggiornamento,,,,0
425,2020-02-27T18:00:00,ITA,7,Liguria,8,Imperia,IM,43.88570648,8.027850298,0
426,2020-02-27T18:00:00,ITA,7,Liguria,9,Savona,SV,44.30750461,8.481108654,1
427,2020-02-27T18:00:00,ITA,7,Liguria,10,Genova,GE,44.41149314,8.9326992,0
428,2020-02-27T18:00:00,ITA,7,Liguria,11,La Spezia,SP,44.10704991,9.8281897,1
429,2020-02-27T18:00:00,ITA,7,Liguria,987,In fase di definizione/aggiornamento,,,,0
430,2020-02-27T18:00:00,ITA,3,Lombardia,12,Varese,VA,45.81701677,8.822868344,0
431,2020-02-27T18:00:00,ITA,3,Lombardia,13,Como,CO,45.8099912,9.085159546,0
432,2020-02-27T18:00:00,ITA,3,Lombardia,14,Sondrio,SO,46.17099261,9.87147489,1
433,2020-02-27T18:00:00,ITA,3,Lombardia,15,Milano,MI,45.46679409,9.190347404,1
434,2020-02-27T18:00:00,ITA,3,Lombardia,16,Bergamo,BG,45.69441368,9.668424528,1
435,2020-02-27T18:00:00,ITA,3,Lombardia,17,Brescia,BS,45.53993052,10.21910323,1
436,2020-02-27T18:00:00,ITA,3,Lombardia,18,Pavia,PV,45.18509264,9.160157191,1
437,2020-02-27T18:00:00,ITA,3,Lombardia,19,Cremona,CR,45.13336675,10.02420865,1
438,2020-02-27T18:00:00,ITA,3,Lombardia,20,Mantova,MN,45.15726772,10.79277363,0
439,2020-02-27T18:00:00,ITA,3,Lombardia,97,Lecco,LC,45.85575781,9.393392246,0
440,2020-02-27T18:00:00,ITA,3,Lombardia,98,Lodi,LO,45.31440693,9.503720769,1
441,2020-02-27T18:00:00,ITA,3,Lombardia,108,Monza e della Brianza,MB,45.58439043,9.273582472,1
442,2020-02-27T18:00:00,ITA,3,Lombardia,988,In fase di definizione/aggiornamento,,,,1
443,2020-02-27T18:00:00,ITA,11,Marche,41,Pesaro e Urbino,PU,43.91014021,12.91345989,1
444,2020-02-27T18:00:00,ITA,11,Marche,42,Ancona,AN,43.61675973,13.5188753,0
445,2020-02-27T18:00:00,ITA,11,Marche,43,Macerata,MC,43.30023926,13.45307182,0
446,2020-02-27T18:00:00,ITA,11,Marche,44,Ascoli Piceno,AP,42.85322304,13.57691127,0
447,2020-02-27T18:00:00,ITA,11,Marche,109,Fermo,FM,43.16058534,13.71839535,0
448,2020-02-27T18:00:00,ITA,11,Marche,989,In fase di definizione/aggiornamento,,,,0
449,2020-02-27T18:00:00,ITA,14,Molise,70,Campobasso,CB,41.55774754,14.65916051,0
450,2020-02-27T18:00:00,ITA,14,Molise,94,Isernia,IS,41.58800826,14.22575407,0
451,2020-02-27T18:00:00,ITA,14,Molise,990,In fase di definizione/aggiornamento,,,,0
452,2020-02-27T18:00:00,ITA,21,P.A. Bolzano,21,Bolzano,BZ,46.49933453,11.35662422,1
453,2020-02-27T18:00:00,ITA,21,P.A. Bolzano,981,In fase di definizione/aggiornamento,,,,0
454,2020-02-27T18:00:00,ITA,22,P.A. Trento,22,Trento,TN,46.06893511,11.12123097,0
455,2020-02-27T18:00:00,ITA,22,P.A. Trento,996,In fase di definizione/aggiornamento,,,,0
456,2020-02-27T18:00:00,ITA,1,Piemonte,1,Torino,TO,45.0732745,7.680687483,1
457,2020-02-27T18:00:00,ITA,1,Piemonte,2,Vercelli,VC,45.32398135,8.423234312,0
458,2020-02-27T18:00:00,ITA,1,Piemonte,3,Novara,NO,45.44588506,8.621915884,0
459,2020-02-27T18:00:00,ITA,1,Piemonte,4,Cuneo,CN,44.39329625,7.551171632,0
460,2020-02-27T18:00:00,ITA,1,Piemonte,5,Asti,AT,44.89912921,8.204142547,0
461,2020-02-27T18:00:00,ITA,1,Piemonte,6,Alessandria,AL,44.91297351,8.615401155,0
462,2020-02-27T18:00:00,ITA,1,Piemonte,96,Biella,BI,45.5665112,8.054082167,0
463,2020-02-27T18:00:00,ITA,1,Piemonte,103,Verbano-Cusio-Ossola,VB,45.9214455,8.551078753,0
464,2020-02-27T18:00:00,ITA,1,Piemonte,991,In fase di definizione/aggiornamento,,,,0
465,2020-02-27T18:00:00,ITA,16,Puglia,71,Foggia,FG,41.46226865,15.54305094,0
466,2020-02-27T18:00:00,ITA,16,Puglia,72,Bari,BA,41.12559576,16.86736689,1
467,2020-02-27T18:00:00,ITA,16,Puglia,73,Taranto,TA,40.47354739,17.23237181,0
468,2020-02-27T18:00:00,ITA,16,Puglia,74,Brindisi,BR,40.63848545,17.94601575,0
469,2020-02-27T18:00:00,ITA,16,Puglia,75,Lecce,LE,40.35354285,18.1718973,0
470,2020-02-27T18:00:00,ITA,16,Puglia,110,Barletta-Andria-Trani,BT,41.22705039,16.29520432,0
471,2020-02-27T18:00:00,ITA,16,Puglia,992,In fase di definizione/aggiornamento,,,,0
472,2020-02-27T18:00:00,ITA,20,Sardegna,90,Sassari,SS,40.72667657,8.559667131,0
473,2020-02-27T18:00:00,ITA,20,Sardegna,91,Nuoro,NU,40.32318834,9.330296393,0
474,2020-02-27T18:00:00,ITA,20,Sardegna,92,Cagliari,CA,39.21531192,9.110616306,0
475,2020-02-27T18:00:00,ITA,20,Sardegna,95,Oristano,OR,39.90381075,8.591183151,0
476,2020-02-27T18:00:00,ITA,20,Sardegna,111,Sud Sardegna,SU,39.16641462,8.526242676,0
477,2020-02-27T18:00:00,ITA,20,Sardegna,993,In fase di definizione/aggiornamento,,,,0
478,2020-02-27T18:00:00,ITA,19,Sicilia,81,Trapani,TP,38.01850065,12.51365684,0
479,2020-02-27T18:00:00,ITA,19,Sicilia,82,Palermo,PA,38.11569725,13.3623567,1
480,2020-02-27T18:00:00,ITA,19,Sicilia,83,Messina,ME,38.19395845,15.55572302,0
481,2020-02-27T18:00:00,ITA,19,Sicilia,84,Agrigento,AG,37.30971088,13.5845749,0
482,2020-02-27T18:00:00,ITA,19,Sicilia,85,Caltanissetta,CL,37.49213171,14.06184973,0
483,2020-02-27T18:00:00,ITA,19,Sicilia,86,Enna,EN,37.56705701,14.27909375,0
484,2020-02-27T18:00:00,ITA,19,Sicilia,87,Catania,CT,37.50287803,15.08704691,1
485,2020-02-27T18:00:00,ITA,19,Sicilia,88,Ragusa,RG,36.92509198,14.73069891,0
486,2020-02-27T18:00:00,ITA,19,Sicilia,89,Siracusa,SR,37.05991687,15.29333182,0
487,2020-02-27T18:00:00,ITA,19,Sicilia,994,In fase di definizione/aggiornamento,,,,0
488,2020-02-27T18:00:00,ITA,9,Toscana,45,Massa Carrara,MS,44.03674425,10.14173829,0
489,2020-02-27T18:00:00,ITA,9,Toscana,46,Lucca,LU,43.84432283,10.50151366,0
490,2020-02-27T18:00:00,ITA,9,Toscana,47,Pistoia,PT,43.933465,10.91734146,1
491,2020-02-27T18:00:00,ITA,9,Toscana,48,Firenze,FI,43.76923077,11.25588885,1
492,2020-02-27T18:00:00,ITA,9,Toscana,49,Livorno,LI,43.55234873,10.3086781,0
493,2020-02-27T18:00:00,ITA,9,Toscana,50,Pisa,PI,43.71553206,10.40127259,0
494,2020-02-27T18:00:00,ITA,9,Toscana,51,Arezzo,AR,43.46642752,11.88228844,0
495,2020-02-27T18:00:00,ITA,9,Toscana,52,Siena,SI,43.31816374,11.33190988,0
496,2020-02-27T18:00:00,ITA,9,Toscana,53,Grosseto,GR,42.76026758,11.11356398,0
497,2020-02-27T18:00:00,ITA,9,Toscana,100,Prato,PO,43.88062274,11.09703315,0
498,2020-02-27T18:00:00,ITA,9,Toscana,995,In fase di definizione/aggiornamento,,,,0
499,2020-02-27T18:00:00,ITA,10,Umbria,54,Perugia,PG,43.10675841,12.38824698,0
500,2020-02-27T18:00:00,ITA,10,Umbria,55,Terni,TR,42.56071258,12.6466875,0
501,2020-02-27T18:00:00,ITA,10,Umbria,997,In fase di definizione/aggiornamento,,,,0
502,2020-02-27T18:00:00,ITA,2,Valle d'Aosta,7,Aosta,AO,45.73750286,7.320149366,0
503,2020-02-27T18:00:00,ITA,2,Valle d'Aosta,998,In fase di definizione/aggiornamento,,,,0
504,2020-02-27T18:00:00,ITA,5,Veneto,23,Verona,VR,45.43839046,10.99352685,0
505,2020-02-27T18:00:00,ITA,5,Veneto,24,Vicenza,VI,45.547497,11.54597109,1
506,2020-02-27T18:00:00,ITA,5,Veneto,25,Belluno,BL,46.13837528,12.21704167,0
507,2020-02-27T18:00:00,ITA,5,Veneto,26,Treviso,TV,45.66754571,12.24507363,1
508,2020-02-27T18:00:00,ITA,5,Veneto,27,Venezia,VE,45.43490485,12.33845213,1
509,2020-02-27T18:00:00,ITA,5,Veneto,28,Padova,PD,45.40692987,11.87608718,1
510,2020-02-27T18:00:00,ITA,5,Veneto,29,Rovigo,RO,45.07107289,11.79007,0
511,2020-02-27T18:00:00,ITA,5,Veneto,999,In fase di definizione/aggiornamento,,,,1
512,2020-02-28T18:00:00,ITA,13,Abruzzo,66,L'Aquila,AQ,42.35122196,13.39843823,0
513,2020-02-28T18:00:00,ITA,13,Abruzzo,67,Teramo,TE,42.6589177,13.70439971,1
514,2020-02-28T18:00:00,ITA,13,Abruzzo,68,Pescara,PE,42.46458398,14.21364822,0
515,2020-02-28T18:00:00,ITA,13,Abruzzo,69,Chieti,CH,42.35103167,14.16754574,0
516,2020-02-28T18:00:00,ITA,13,Abruzzo,979,In fase di definizione/aggiornamento,,,,0
517,2020-02-28T18:00:00,ITA,17,Basilicata,76,Potenza,PZ,40.63947052,15.80514834,0
518,2020-02-28T18:00:00,ITA,17,Basilicata,77,Matera,MT,40.66751177,16.59792442,0
519,2020-02-28T18:00:00,ITA,17,Basilicata,980,In fase di definizione/aggiornamento,,,,0
520,2020-02-28T18:00:00,ITA,18,Calabria,78,Cosenza,CS,39.29308681,16.25609692,1
521,2020-02-28T18:00:00,ITA,18,Calabria,79,Catanzaro,CZ,38.90597598,16.59440194,0
522,2020-02-28T18:00:00,ITA,18,Calabria,80,Reggio di Calabria,RC,38.10922769,15.6434527,0
523,2020-02-28T18:00:00,ITA,18,Calabria,101,Crotone,KR,39.08036878,17.12538864,0
524,2020-02-28T18:00:00,ITA,18,Calabria,102,Vibo Valentia,VV,38.67624147,16.10157414,0
525,2020-02-28T18:00:00,ITA,18,Calabria,982,In fase di definizione/aggiornamento,,,,0
526,2020-02-28T18:00:00,ITA,15,Campania,61,Caserta,CE,41.07465878,14.33240464,0
527,2020-02-28T18:00:00,ITA,15,Campania,62,Benevento,BN,41.12969987,14.78151683,0
528,2020-02-28T18:00:00,ITA,15,Campania,63,Napoli,,40.83956555,14.25084984,1
529,2020-02-28T18:00:00,ITA,15,Campania,64,Avellino,AV,40.91404699,14.79528803,0
530,2020-02-28T18:00:00,ITA,15,Campania,65,Salerno,SA,40.67821961,14.7594026,0
531,2020-02-28T18:00:00,ITA,15,Campania,983,In fase di definizione/aggiornamento,,,,0
532,2020-02-28T18:00:00,ITA,8,Emilia-Romagna,33,Piacenza,PC,45.05193462,9.692632596,1
533,2020-02-28T18:00:00,ITA,8,Emilia-Romagna,34,Parma,PR,44.80107394,10.32834985,1
534,2020-02-28T18:00:00,ITA,8,Emilia-Romagna,35,Reggio nell'Emilia,RE,44.69735289,10.63007973,1
535,2020-02-28T18:00:00,ITA,8,Emilia-Romagna,36,Modena,MO,44.64600009,10.92615487,1
536,2020-02-28T18:00:00,ITA,8,Emilia-Romagna,37,Bologna,BO,44.49436681,11.3417208,0
